teams,odds1,oddsX,odds2,score1,score2,is_draw
Racing Club - Tigre,1.67,3.29,4.84,0,0,1
Acassuso - Villa San Carlos,1.97,2.76,3.23,1,0,0
Van - FC Noah,10.0,4.8,1.29,0,0,1
Beerschot VA - RAAL La Louvière,2.96,3.28,2.33,1,2,0
Dender - Standard Liege,2.8,3.26,2.45,3,2,0
Gualberto Villarroel SJ - San Antonio Bulo Bulo,1.75,3.5,4.0,1,1,1
Velež - FK Sarajevo,2.64,2.93,2.65,0,0,1
Vasco DA Gama - Mirassol,2.1,3.25,3.4,0,0,1
Montana - Lokomotiv Sofia,3.59,3.11,2.19,1,2,0
Arda Kardzhali - Botev Plovdiv,2.07,3.22,3.8,0,0,1
Ludogorets II - Marek,1.88,3.07,3.45,4,0,0
Etar Veliko Tarnovo - Sportist Svoge,1.83,3.04,3.67,0,3,0
Universidad de Chile - Coquimbo Unido,2.44,3.76,2.56,1,1,1
Independiente Medellin - America de Cali,1.52,3.53,4.84,1,1,1
Cucuta - Real Soacha,1.62,3.42,5.97,2,1,0
Blackburn - Ipswich,3.73,3.52,2.0,1,1,1
Bolton - Bradford,1.9,3.13,3.29,3,0,0
Bristol Rovers - Cambridge United,2.77,3.08,2.15,0,0,1
Cardiff - AFC Wimbledon,1.82,3.85,3.55,1,5,0
Doncaster - Chesterfield,1.78,3.7,3.85,5,1,0
Harrogate Town - Blackpool,3.5,3.45,1.94,4,2,0
Leyton Orient - Plymouth,1.8,3.7,3.7,0,1,0
Lincoln - Huddersfield,2.4,3.3,2.63,0,2,0
Luton - Exeter City,1.62,3.8,4.75,4,0,0
Northampton - Wycombe,4.0,3.4,1.8,2,0,0
Port Vale - Barnsley,2.0,3.4,3.3,5,0,0
Salford City - Rotherham,1.91,3.4,3.6,2,7,0
Stevenage - Walsall,1.91,3.3,3.6,1,2,0
Tranmere - Fleetwood Town,2.15,3.4,2.9,0,3,0
Swindon Town - Peterborough,2.63,3.6,2.3,1,0,0
Wigan - Burton Albion,1.79,3.68,4.34,1,0,0
Radcliffe - Chester,2.11,3.12,2.65,1,3,0
Hemel Hempstead Town - AFC Hornchurch,2.13,3.0,2.72,0,4,0
Hampton & Richmond - AFC Totton,2.86,3.15,1.99,2,0,0
Scunthorpe - Newcastle United U21,2.49,3.62,2.31,2,0,0
Canvey Island - Whitehawk,2.5,3.32,2.43,2,1,0
Chichester City - Chatham Town,3.12,3.3,2.04,2,2,1
St Albans City - Potters Bar Town,1.31,4.65,7.4,1,2,0
Stockton Town - Leek Town,1.63,3.75,4.3,1,2,0
Morpeth Town - Gainsborough Trinity,2.38,3.4,2.55,1,1,1
Poole Town - Walton & Hersham,3.05,3.4,2.04,2,2,1
Bracknell Town - Hungerford Town,2.14,3.46,2.8,1,1,1
Bournemouth - Everton,2.14,3.37,3.71,0,1,0
Fulham - Manchester City,4.86,4.32,1.67,4,5,0
Newcastle - Tottenham,1.71,4.19,4.69,2,2,1
Charlton Athletic U21 - Preston North End U21,1.43,4.55,5.15,1,1,1
Colchester United U21 - Norwich City U21,4.05,4.25,1.59,3,4,0
Barnsley U21 - Cardiff City U21,2.23,4.05,2.4,1,1,1
Wigan Athletic U21 - Millwall U21,2.35,3.92,2.31,1,2,0
Huddersfield Town U21 - Fleetwood Town U21,1.83,4.0,3.16,1,0,0
Mekelakeya - Dire Dawa Kenema,1.75,2.9,4.8,1,1,1
Kedus Giorgis - Arba Minch Kenema,2.1,2.7,3.7,1,0,0
Negelle Arsi - Sheger Ketema,2.45,3.1,2.6,2,2,1
Borussia Mönchengladbach - FC St. Pauli,1.83,3.74,4.45,1,2,0
Hertha BSC - 1. FC Kaiserslautern,2.11,3.58,3.5,6,1,0
Borussia Dortmund - Bayer Leverkusen,1.89,4.05,3.98,0,1,0
RB Leipzig - 1. FC Magdeburg,1.26,6.7,10.5,3,1,0
Volos NFC - Egaleo,1.11,8.07,15.01,6,0,0
Kitchee - Eastern District,1.33,4.45,7.5,1,0,0
Bnei Sakhnin - Ironi Kiryat Shmona,2.76,2.9,2.16,1,1,1
Hapoel Katamon - Maccabi Bnei Raina,2.19,3.47,3.22,1,2,0
Hapoel Petah Tikva - Hapoel Beer Sheva,5.5,3.7,1.5,1,1,1
Maccabi Haifa - Hapoel Tel Aviv,2.13,3.91,2.93,2,1,0
Juventus - Udinese,1.36,4.5,7.5,2,0,0
Ajax - Groningen,2.01,3.76,3.69,2,0,0
União Leiria U23 - Santa Clara U23,2.41,3.02,2.73,0,2,0
Estrela U23 - Benfica U23,5.9,3.8,1.47,0,2,0
Academico Viseu U23 - Rio Ave U23,1.45,4.1,6.0,2,1,0
Dumbrăviţa - Slatina,2.54,2.97,2.63,2,1,0
Csikszereda - Oţelul,2.83,3.04,2.34,1,2,0
Arges Pitesti - Rapid,3.3,3.1,2.05,2,1,0
Golden Arrows - Amazulu,2.57,2.88,2.67,0,1,0
Barcelona - Atletico Madrid,1.81,3.58,3.4,3,1,0
Stade Lausanne-Ouchy - FC Winterthur,2.8,3.3,2.25,1,0,0
Stade Nyonnais - Neuchatel Xamax FC,2.73,3.09,2.08,0,0,1
Chanthaburi - Nakhon Si Thammarat,1.53,3.8,5.0,1,0,0
Sisaket United - Police Tero,2.2,3.3,2.8,1,1,1
Morocco - Comoros,1.23,5.03,7.43,3,1,0
Egypt - Kuwait,1.33,4.05,7.05,1,1,1
Saudi Arabia - Oman,1.67,3.29,4.09,2,1,0
Uruguay W - Ecuador W,1.6,3.5,4.75,0,0,1
USA W - Italy W,1.28,5.55,7.83,2,0,0
Japan W - Canada W,1.55,3.7,5.0,1,0,0
Australia W - New Zealand W,1.12,7.0,13.0,2,0,0
Wales W - Switzerland W,3.3,3.3,1.98,3,2,0
Serbia W - Czech Republic W,2.48,3.04,2.62,2,1,0
Bosnia-Herzegovina W - Greece W,2.11,3.22,3.05,1,1,1
Scotland W - China W,2.09,3.14,3.47,3,2,0
Netherlands W - South Korea W,1.33,4.71,8.19,5,0,0
Portugal W - Brazil W,4.75,3.8,1.55,0,5,0
Spain W - Germany W,1.53,4.3,6.55,3,0,0
Sweden W - France W,2.86,3.5,2.48,2,2,1
Mostaganem - USM Alger,5.0,3.0,1.73,2,2,1
Defensa Y Justicia - Independ. Rivadavia,1.95,3.0,4.2,0,2,0
Barracas Central - Huracan,3.0,2.63,2.8,1,1,1
Belgrano Cordoba - Union Santa Fe,2.15,3.0,3.7,0,0,1
Platense - Gimnasia L.P.,2.3,3.0,3.3,0,3,0
Barwell - Stratford Town,2.38,3.5,2.55,5,2,0
Bracknell Town - Havant & Wville,3.1,3.6,1.95,3,0,0
Watford U21 - Bristol City U21,1.75,3.8,3.5,3,1,0
Crewe Alexandra U21 - Huddersfield Town U21,3.7,4.5,1.65,0,5,0
Antigua GFC - Comunicaciones,1.62,3.6,4.75,3,1,0
Persipal - Persiba Balikpapan,2.8,3.5,2.1,1,1,1
PSS Sleman - Persiku Kudus,1.4,4.5,5.5,2,1,0
Pergolettese - Giana Erminio,2.45,2.75,2.8,0,3,0
Foggia - Cavese,3.4,2.8,2.1,0,0,1
CDS Tampico Madero - Leones Negros UDG,1.73,3.5,4.2,4,1,0
América W - Guadalajara W,1.3,4.6,8.0,2,0,0
Rancho Santana - Real Madriz,2.2,3.25,2.9,1,0,0
Barau FC - Enugu Rangers,2.0,2.8,3.9,2,0,0
Estoril U23 - Portimonense U23,1.95,3.6,3.0,0,0,1
Spartak Kostroma - Rodina Moskva,2.92,2.89,2.78,0,2,0
Tekstilac Odžaci - Kabel Novi Sad,1.91,3.0,3.8,1,3,0
OFK Vršac - Macva,2.55,2.9,2.7,0,0,1
Cultural Leonesa - Malaga,2.25,3.0,3.0,1,0,0
Livyi Bereh - Ahrobiznes Volochysk,1.67,3.4,4.75,4,1,0
Finland - Andorra,1.25,4.6,11.0,4,0,0
Germany U20 - Italy U20,1.64,4.03,4.4,5,0,0
Portugal U20 - Romania U20,1.22,5.75,9.5,1,1,1
Kazakhstan U21 - Moldova U21,1.91,3.2,3.6,1,1,1
France U21 - Faroe Islands U21,1.02,19.0,51.0,1,0,0
Germany - Slovakia,1.2,5.8,12.0,6,0,0
Netherlands - Lithuania,1.05,13.0,41.0,4,0,0
Montenegro - Croatia,7.5,4.4,1.36,2,3,0
Northern Ireland - Luxembourg,1.4,4.0,7.5,1,0,0
Malta - Poland,11.0,5.0,1.25,2,3,0
Czech Republic - Gibraltar,1.02,19.0,101.0,6,0,0
Reboceros La Piedad - Mineros de Fresnillo,1.75,3.75,3.8,1,1,1
Torreense U23 - União Leiria U23,1.5,3.8,5.5,2,0,0
Dubočica - FK Vozdovac,3.2,2.9,2.1,2,3,0
Púchov - Tatran Prešov,7.17,4.55,1.32,1,2,0
Saint Kitts and Nevis - Belize,2.0,3.5,3.6,2,6,0
Antigua and Barbuda - Guyana,3.8,3.8,1.85,1,4,0
Japan - Bolivia,1.14,8.11,15.26,3,0,0
South Korea - Ghana,1.82,3.61,4.3,1,0,0
Indonesia U23 - Mali U23,5.02,4.02,1.57,2,2,1
Qatar U23 - Saudi Arabia U23,3.15,3.14,2.22,0,1,0
Uzbekistan - Iran,3.15,2.78,2.58,1,1,1
Saudi Arabia - Algeria,3.66,3.24,2.11,0,2,0
Cyprus - Estonia,2.08,3.13,3.74,2,4,0
Chile - Peru,2.0,3.1,3.8,2,1,0
Faroe Islands - Kazakhstan,2.38,3.3,3.0,1,0,0
Jordan - Mali,3.72,3.12,2.09,0,0,1
Morocco - Uganda,1.28,5.02,10.6,4,0,0
Brazil - Tunisia,1.22,5.5,11.0,1,1,1
Scotland U19 - England U19,11.0,7.0,1.14,0,4,0
Northern Ireland U19 - Czech Republic U19,5.5,4.33,1.4,0,4,0
Azerbaijan U19 - Malta U19,2.5,3.3,2.3,2,1,0
Croatia U19 - Serbia U19,1.73,3.75,4.0,4,1,0
Gibraltar U19 - Georgia U19,31.0,10.5,1.03,0,1,0
Slovakia U19 - Ukraine U19,4.0,3.45,1.77,0,3,0
Albania U19 - Montenegro U19,1.44,4.2,6.0,0,1,0
Greece U19 - Turkey U19,2.8,3.1,2.25,1,2,0
Moldova U19 - Bosnia-Herzegovina U19,7.4,4.4,1.35,1,0,0
Poland U19 - Italy U19,4.1,3.55,1.75,0,1,0
Iceland U19 - Romania U19,3.75,3.3,1.83,0,3,0
Andorra U19 - Finland U19,26.0,8.5,1.08,1,0,0
Lithuania U19 - Latvia U19,2.0,3.6,3.0,1,2,0
Faroe Islands U19 - Bulgaria U19,15.0,6.5,1.14,0,3,0
Belgium U19 - Portugal U19,4.2,3.55,1.7,1,1,1
Estonia U19 - North Macedonia U19,1.73,3.45,4.2,0,2,0
Switzerland U19 - Denmark U19,3.85,3.5,1.8,0,7,0
San Marino U19 - Sweden U19,46.0,11.0,1.01,0,2,0
Netherlands U19 - Ireland U19,4.2,3.55,1.7,4,2,0
Burreli - Luftëtari,1.67,3.4,4.5,1,0,0
Lushnja - FK Kukesi,1.62,3.6,4.5,0,0,1
Apolonia Fier - Besa Kavajë,2.1,3.1,3.2,2,0,0
Korabi Peshkopi - Kastrioti Krujë,1.95,3.4,3.3,3,2,0
Laci - Pogradeci,1.8,3.1,4.2,0,0,1
Partizani - Bylis,2.0,3.0,3.6,1,0,0
Dinamo Tirana - Tirana,1.57,3.5,5.5,6,2,0
Sturm Graz - WSG Wattens,1.57,4.0,5.5,1,3,0
Keshla FC - Baku Sportinq,1.4,3.8,7.5,1,0,0
Qarabag - Karvan,1.14,6.5,17.0,3,0,0
Antwerp - St. Truiden,2.38,3.25,2.7,3,3,1
Cercle Brugge - Gent,2.03,3.11,2.8,1,3,0
OH Leuven - Club Brugge KV,4.19,3.5,1.56,1,2,0
Union St. Gilloise - Zulte Waregem,1.27,4.64,6.38,2,1,0
Blooming - ABB,1.2,5.5,10.5,6,0,0
Rudar Prijedor - Zrinjski,7.5,3.9,1.4,0,2,0
Radnik Bijeljina - Borac Banja Luka,7.5,3.9,1.4,0,1,0
Zeljeznicar Sarajevo - Siroki Brijeg,1.59,3.38,5.4,0,0,1
IAPE U20 - América Mineiro U20,2.53,3.15,2.5,2,5,0
Gremio - Fluminense,2.9,3.0,2.45,1,2,0
Septemvri Sofia - CSKA 1948,4.82,3.59,1.47,1,4,0
Beroe - Cherno More Varna,4.75,3.36,1.75,1,2,0
CSKA Sofia - Lokomotiv Plovdiv,1.4,4.25,7.7,2,1,0
Mladost Ždralovi - HNK Rijeka,9.5,4.5,1.3,1,4,0
NK Varazdin - NK Osijek,2.1,3.1,3.2,0,0,1
Varteks Varaždin - Križevci,2.78,3.28,2.23,0,0,1
Lucko - Dugo Selo,1.49,3.82,5.55,0,0,1
Spartakos Kitiou - Ethnikos Achna,17.0,6.5,1.14,0,4,0
Karmiotissa - Anorthosis,8.0,5.0,1.25,1,3,0
Artis - Sparta Praha,6.0,5.5,1.3,1,2,0
Esbjerg - FC Copenhagen,6.18,4.22,1.34,2,4,0
Viborg - Vejle,1.6,3.56,4.18,4,1,0
Deportivo Cuenca Juniors - Universidad Catolica,3.74,3.4,1.82,0,0,1
Kahraba Ismailia - Pyramids FC,12.35,5.01,1.29,1,2,0
Crewe - Stockport County,3.52,3.58,1.83,0,0,1
Arsenal - Brentford,1.37,5.25,8.57,2,0,0
Brighton - Aston Villa,2.08,3.65,3.59,3,4,0
Burnley - Crystal Palace,4.81,3.91,1.75,0,1,0
Wolves - Nottingham Forest,3.28,3.38,2.31,0,1,0
Leeds - Chelsea,4.34,3.96,1.81,3,1,0
Liverpool - Sunderland,1.37,5.43,8.1,0,1,0
Swansea City U21 - Brentford U21,2.43,4.41,2.21,0,3,0
VfL Bochum - VfB Stuttgart,6.18,4.56,1.34,0,2,0
SC Freiburg - SV Darmstadt 98,1.63,4.25,5.25,2,0,0
Hamburger SV - Holstein Kiel,1.73,4.1,4.65,0,0,1
Union Berlin - Bayern München,10.5,6.1,1.3,2,3,0
Ellas Syros - Olympiakos Piraeus,18.5,7.9,1.07,2,5,0
Kallithea - Kavala,1.17,4.84,10.12,2,1,0
Marko - Levadiakos,6.09,4.42,1.29,1,3,0
Larisa - Atromitos,2.42,2.89,2.42,0,1,0
Asteras Tripolis - Ilioupoli,1.07,6.38,16.36,5,0,0
AEK Athens FC - OFI,1.15,5.32,9.26,2,0,0
Panathinaikos - Kifisia,1.27,4.34,6.76,1,0,0
Aris Thessalonikis - PAOK,3.14,2.87,1.99,1,1,1
Panionios - Olympiakos Piraeus II,1.22,5.25,17.0,4,1,0
Maccabi Netanya - Ashdod,2.0,3.4,3.25,2,2,1
Ironi Tiberias - Beitar Jerusalem,5.5,4.2,1.44,0,5,0
Maccabi Tel Aviv - Hapoel Haifa,1.25,5.0,8.0,2,1,0
Atalanta - Genoa,1.55,3.8,7.0,4,0,0
Napoli - Cagliari,1.4,4.33,8.5,0,0,1
Inter - Venezia,1.14,8.5,13.0,5,1,0
Lazio U20 - Bologna U20,2.25,3.25,2.75,2,1,0
Sampdoria U19 - Spezia U19,2.4,3.6,2.4,2,1,0
Ancona - Unipomezia,2.6,2.9,2.6,0,0,1
Club Milano - Mestre,5.5,3.1,1.62,0,0,1
Francavilla - Nocerina,2.5,3.0,2.6,1,0,0
Pistoiese - Correggese,2.6,2.9,2.6,0,2,0
Dolomiti Bellunesi - Inter U23,3.72,3.08,2.06,1,0,0
Casertana - Atalanta II,2.48,3.11,2.83,1,0,0
Swift Hesperange - US Mondorf-les-bains,4.06,3.56,1.79,1,2,0
Progres Niederkorn - Jeunesse Canach,1.51,4.03,5.69,1,2,0
UNA Strassen - FC Differdange 03,3.06,3.19,2.25,3,1,0
Victoria Rosport - F91 Dudelange,5.98,4.43,1.44,0,0,1
PEC Zwolle - AZ Alkmaar,3.82,3.41,1.63,1,3,0
Sporting Cristal - Alianza Lima,2.2,2.93,2.81,1,1,1
Avia Świdnik - Polonia Bytom,5.15,4.1,1.56,4,2,0
Slask Wroclaw - Raków Częstochowa,4.2,3.46,1.81,1,2,0
Piast Gliwice - Lech Poznan,3.08,3.2,2.26,0,2,0
Sporting Braga U23 - Gil Vicente U23,2.04,3.74,3.11,2,1,0
Sănătatea Cluj - Gloria Bistriţa,3.25,3.2,2.05,1,2,0
FC Botosani - AFC Hermannstadt,1.9,3.25,3.8,1,3,0
Farul Constanta - Dinamo Bucuresti,2.6,3.0,2.6,0,0,1
Uta Arad - FCSB,3.0,3.1,2.2,3,0,0
Aberdeen - ST Mirren,2.22,3.45,3.23,3,3,1
Celtic - Dundee,1.09,11.9,20.59,1,0,0
Dundee Utd - Rangers,4.41,3.99,1.74,2,2,1
Falkirk - Motherwell,2.67,3.4,2.63,0,0,1
Heart Of Midlothian - Kilmarnock,1.33,4.6,8.5,1,1,1
Grafičar - Radnicki NIS,4.0,3.35,1.8,3,0,0
OFK Vršac - Vojvodina,5.1,3.8,1.57,1,2,0
FK Spartak Zdrepceva KRV - Zemun,2.15,3.3,3.0,0,0,1
Macva - IMT Novi Beograd,2.55,3.2,2.55,0,0,1
Novi Pazar - Dubočica,1.33,4.4,8.25,4,3,0
Borac Cacak - Jedinstvo Ub,2.45,3.2,2.62,1,2,0
Podbrezová - Spartak Trnava,3.0,3.4,2.05,1,3,0
Slovan Bratislava - Ružomberok,1.33,4.6,7.0,1,2,0
Bravo - Rudar,1.3,4.65,7.9,2,0,0
Radomlje - Primorje,2.01,3.5,3.06,3,2,0
Mura - Nafta,1.93,3.36,3.4,1,2,0
Cape Town City - Upington City,1.95,3.0,4.0,0,1,0
Siwelele - Mamelodi Sundowns,6.76,3.47,1.6,1,1,1
Stellenbosch - Polokwane City,1.96,2.76,5.37,1,2,0
Orbit College - Durban City,3.45,2.8,2.45,0,3,0
Magesi - Sekhukhune United,3.19,2.82,2.58,0,1,0
Chippa United - Kaizer Chiefs,5.26,3.12,1.82,0,0,1
Suwon Bluewings - Jeju United FC,2.34,2.94,2.61,0,1,0
CF Talavera - Malaga,4.1,3.25,2.05,2,1,0
Eldense - Almeria,4.45,3.52,1.89,2,1,0
Mirandes - Sporting Gijon,2.74,3.13,2.5,0,2,0
Real Murcia - Cadiz,2.57,2.73,2.4,3,2,0
Antoniano - Villarreal,16.75,6.55,1.21,0,0,1
Cieza - Levante,8.7,4.55,1.42,0,1,0
Ourense CF - Girona,4.29,3.21,1.6,2,1,0
Pontevedra - Eibar,3.01,2.91,2.02,0,3,0
Quintanar del Rey - Elche,8.1,4.72,1.21,1,1,1
Reddis - Real Sociedad,12.75,5.8,1.27,0,2,0
Torrent - Real Betis,14.75,6.6,1.22,1,4,0
Athletic Club - Real Madrid,4.2,4.0,1.75,0,3,0
Beti Kozkor - Ardoi,2.25,3.2,2.8,1,1,1
Bidezarra - Pamplona,2.55,3.25,2.4,0,1,0
Chiangmai United - Khon Kaen United,3.92,3.98,1.65,3,2,0
Karacabey Belediyespor - Kocaelispor,8.2,4.4,1.37,1,2,0
Eyüpspor - Çankaya FK,1.06,9.1,35.0,6,1,0
İstanbulspor - Sarıyer,1.92,3.35,3.84,6,0,0
Muğlaspor - BB Bodrumspor,3.68,3.52,1.91,1,2,0
Erokspor - Fatih Karagümrük,3.08,3.48,2.14,2,5,0
Trabzonspor - Van BB,1.22,5.6,12.25,2,0,0
Algeria - Sudan,1.37,3.76,6.66,0,0,1
Iraq - Bahrain,1.91,3.0,3.39,2,1,0
Jordan - United Arab Emirates,3.3,3.2,2.1,2,1,0
Mount Pleasant Academy - Universidad O&M,1.32,4.25,8.3,2,2,1
Costa Rica W - Mexico W,6.2,3.75,1.5,0,2,0
Everton U21 - Real Madrid U21,3.4,4.2,1.73,0,2,0
Chelsea U21 - Paris Saint-Germain U21,1.91,4.2,2.88,1,3,0
Egnatia Rrogozhinë - Flamurtari,1.6,3.4,5.25,0,1,0
NC Magra - USM Alger,6.2,3.18,1.57,0,0,1
Khroub - Oued Akbou,4.55,3.25,1.71,2,0,0
Paradou AC - CRB Adrar,1.27,4.3,10.75,3,0,0
MC Saida - Teleghma,1.54,3.28,6.3,3,0,0
MC Alger - El Bayadh,1.25,4.4,11.75,1,0,0
La Fama - Dakota,5.05,4.35,1.46,1,2,0
Qabala - Safa Baku,1.57,3.6,5.0,2,1,0
Araz - Kapaz,1.3,5.0,7.0,0,1,0
Charleroi - KV Mechelen,2.25,3.2,2.8,2,0,0
Genk - Anderlecht,2.0,3.4,3.3,1,3,0
Jorge Wilstermann - Real Oruro,2.5,3.4,2.4,3,1,0
Always Ready - Aurora,1.11,7.5,13.5,5,3,0
Universitario de Vinto - The Strongest,3.24,3.64,1.9,0,1,0
Atletico-MG - Palmeiras,3.0,3.0,2.4,0,3,0
Flamengo - Ceara,1.29,5.1,9.9,1,0,0
Cruzeiro - Botafogo,2.11,3.14,3.58,2,2,1
Dobrudzha - Ludogorets,7.5,4.4,1.33,0,2,0
Botev Vratsa - Spartak Varna,1.67,3.3,5.0,2,0,0
Slavia Sofia - Levski Sofia,7.0,4.0,1.36,2,0,0
Bucaramanga - Deportes Tolima,2.09,3.06,4.06,0,0,1
Atletico Nacional - Independiente Medellin,1.91,3.4,3.9,2,1,0
HNK Cibalia - Sesvete,1.75,3.1,4.5,1,0,0
FC Midtjylland - FC Nordsjaelland,1.48,4.75,5.75,5,1,0
LDU de Quito - Emelec,1.47,3.49,8.58,0,0,1
El Gouna FC - Asyut Petrol,1.69,3.28,4.65,2,1,0
Manchester United - West Ham,1.48,4.75,6.0,1,1,1
Iraklis 1908 - Panetolikos,3.75,3.3,1.85,0,0,1
Olancho - CD Olimpia,2.7,3.3,2.3,2,2,1
CD Marathon - Lobos Upnfm,1.36,4.33,6.5,2,0,0
North District - Wofoo Tai Po,4.2,4.0,1.62,1,1,1
Kisvarda FC - Ferencvarosi TC,5.25,4.1,1.53,0,1,0
East Bengal II - Minerva Punjab,1.75,3.5,4.0,3,1,0
Goa - Mumbai City,2.0,3.4,3.25,2,1,0
Tractor Sazi - Esteghlal Khuzestan,1.26,4.6,10.0,0,0,1
Maccabi K. Ata Bialik - Maccabi Ahi Nazareth,1.75,3.8,3.6,1,3,0
Bologna - Parma,1.47,4.0,7.5,2,1,0
Lazio - AC Milan,3.1,3.2,2.3,1,0,0
Juve Stabia - Bari,1.8,3.3,4.75,0,0,1
ASEC Mimosas - San-Pédro,1.8,3.28,3.96,4,2,0
KEK-u - Vëllaznimi,6.25,3.66,1.47,0,2,0
Cruz Azul - Tigres UANL,2.49,3.14,2.78,1,1,1
Monterrey - Toluca,2.7,3.34,2.44,1,0,0
Vitesse - De Graafschap,2.8,3.75,2.25,1,2,0
Chojniczanka Chojnice - Korona Kielce,5.0,3.8,1.53,0,0,1
GKS Katowice - Jagiellonia,2.9,3.1,2.2,3,1,0
Zawisza Bydgoszcz - Wisla Krakow,8.0,5.0,1.25,4,1,0
Wisla Plock - Cracovia Krakow,2.62,3.0,2.55,0,0,1
Sokół Kleczew - ŁKS Łódź II,1.83,3.5,3.5,2,2,1
FC Porto - Guimaraes,1.33,4.75,9.0,1,3,0
Sporting Lieşti - Metalul Buzău,4.5,3.4,1.65,4,7,0
Sepsi OSK Sfantu Gheorghe - Universitatea Cluj,2.75,3.1,2.5,2,2,1
Metaloglobus - CFR 1907 Cluj,7.5,4.75,1.36,2,2,1
Petrolul Ploiesti - Universitatea Craiova,4.1,3.6,1.75,0,4,0
FK Crvena Zvezda - Cukaricki,1.2,6.5,11.0,3,0,0
Olimpija Ljubljana - Celje,3.75,3.6,1.8,1,0,0
Atlético Baleares - Espanyol,9.0,4.75,1.29,1,0,0
Leganes - Albacete,2.1,3.29,3.44,1,2,0
Real Ávila - Rayo Vallecano,7.31,5.38,1.32,1,2,0
Sabadell - Deportivo La Coruna,3.4,3.22,2.11,0,2,0
Ponferradina - Racing Santander,3.55,3.47,1.97,1,2,0
Extremadura 1924 - Sevilla,8.5,4.75,1.29,1,2,0
FC Cartagena - Valencia,5.1,3.65,1.64,1,2,0
Sant Andreu - Celta Vigo,8.43,5.93,1.26,0,0,1
Zaragoza - Burgos,2.6,2.81,2.9,0,1,0
Tenerife - Granada CF,2.28,3.26,3.01,0,1,0
Platges Calvià - Felanitx,1.4,4.0,7.0,0,0,1
FC Aarau - FC Sion,2.3,3.3,2.75,1,3,0
Phrae United - Rasi Salai United,2.51,3.38,2.39,0,1,0
Kasetsart FC - Esan Pattaya,2.27,3.32,2.69,1,0,0
Yalova Yeşilovaspor - Gazişehir Gaziantep,10.0,6.0,1.18,0,2,0
Fethiyespor - Bandırmaspor,5.0,3.8,1.55,4,1,0
76 Iğdır Belediyespor - Orduspor 1967,1.14,6.0,13.0,3,2,0
Silifke Belediyespor - Antalyaspor,12.0,5.5,1.18,0,1,0
Palestine - Tunisia,4.33,3.32,1.83,2,2,1
Syria - Qatar,4.33,3.32,1.83,1,1,1
Xelajú - LD Alajuelense,3.1,3.1,2.2,0,0,1
MO Bejaia - Usm El Harrach,2.3,2.75,3.2,1,2,0
Khenchela - MB Rouisset,2.1,2.8,3.6,1,0,0
Koléa - JS Bordj Ménaïel,2.1,2.75,3.75,1,0,0
CS Constantine - JS El Biar,1.33,4.0,8.5,4,1,0
MC Oran - Mostaganem,1.8,2.88,5.0,1,2,0
Macarthur - Melbourne Victory,2.5,3.4,2.5,0,0,1
Perth Glory - Western Sydney Wanderers,2.73,3.24,2.2,1,0,0
Admira Wacker - SV Kapfenberg,1.38,3.95,5.99,6,1,0
Rapid Wien II - Schwarz-Weiß Bregenz,2.08,3.28,2.73,3,1,0
Floridsdorfer AC - WSPG Wels,1.71,3.28,3.84,3,1,0
Olympic Charleroi - Patro Eisden,3.94,3.31,1.63,0,0,1
Seraing United - AS Eupen,2.97,3.01,2.0,0,1,0
Thes Sport - Lyra-Lierse Berlaar,2.29,3.21,2.96,1,0,0
RAAL La Louvière - Dender,2.2,3.2,3.3,1,2,0
Westerlo U21 - RFC de Liege U21,1.08,7.7,18.5,3,0,0
Bolívar - Nacional Potosí,1.21,5.61,7.24,5,2,0
Fratria - Hebar 1918,1.32,4.25,8.3,3,2,0
Lokomotiv G. Oryahovitsa - Dunav Ruse,6.3,3.54,1.49,0,1,0
Palestino - Huachipato,1.73,3.4,4.2,0,1,0
Junior - America de Cali,1.81,3.36,3.37,2,1,0
Karlovac 1919 - Hrvace,1.57,3.5,5.25,3,0,0
NK Slaven Belupo - HNK Gorica,2.06,3.25,3.4,2,1,0
Pafos - Akritas,1.2,6.63,12.41,4,0,0
Enosis - Krasava Ypsonas,3.83,3.4,1.99,0,1,0
ASIL Lysi - Digenis Morphou,2.75,2.9,2.38,1,0,0
Teplice - Slavia Praha,8.1,3.95,1.4,1,2,0
FC Fredericia - Odense,3.6,3.5,1.91,1,3,0
El Seka El Hadid - Proxy,2.75,2.59,2.75,0,0,1
Hull City - Middlesbrough,3.08,3.42,2.2,1,4,0
Salford City - Leyton Orient,2.26,3.08,2.48,4,0,0
Gloucester City - Yate Town,1.48,4.25,4.95,1,0,0
Sheffield United U21 - Bristol City U21,1.28,5.25,6.95,2,1,0
Hull City U21 - AFC Bournemouth U21,1.86,3.92,3.12,3,4,0
Cardiff City U21 - Stockport County U21,1.58,4.2,4.2,7,2,0
Coventry City U21 - Barnsley U21,1.65,4.56,3.72,1,1,1
Welayta Dicha - Suhul Shire,2.25,2.7,3.3,1,1,1
Ethiopian Medhin - Mebrat Hayl,2.56,2.68,2.86,1,1,1
Marseille W - Paris Saint Germain W,7.74,4.81,1.34,1,5,0
Stade Brestois 29 - Monaco,3.1,3.74,2.26,1,0,0
Lille - Marseille,2.7,3.6,2.62,1,0,0
Clermont Foot - Boulogne,2.39,3.22,2.91,1,1,1
Guingamp - Annecy,1.94,3.24,4.05,0,3,0
Grenoble - Nancy,2.6,3.25,2.7,1,0,0
Le Mans - Amiens,1.47,3.72,5.7,1,0,0
Aubagne - Rouen,3.15,3.0,2.41,1,1,1
Bourg-en-bresse 01 - Sochaux,3.91,3.16,2.02,1,3,0
Concarneau - Stade Briochin,1.7,3.67,4.74,2,2,1
Dijon - Valenciennes,1.81,3.41,4.42,4,1,0
Fleury 91 - Chateauroux,1.72,3.49,4.9,0,0,1
Quevilly - Orleans,3.27,3.22,2.22,0,1,0
Versailles - Le Puy Foot,2.37,3.14,3.08,0,3,0
Villefranche - Caen,3.75,3.36,1.99,1,1,1
Les Herbiers - Bayonne,2.0,3.0,3.5,2,0,0
Fortuna Düsseldorf - FC Schalke 04,3.2,3.34,2.17,0,2,0
Preußen Münster - Hannover 96,3.8,3.72,1.85,2,2,1
Rot-Weiß Essen - Stuttgart II,1.91,3.5,3.3,1,1,1
FSV Mainz 05 - Borussia Mönchengladbach,2.44,3.58,2.95,0,1,0
VfL Wolfsburg W - SC Freiburg W,1.22,5.0,9.0,3,1,0
Bayern München II - Wacker Burghausen,2.21,3.66,2.58,3,0,0
Werder Bremen II - Phönix Lübeck,2.99,3.76,1.95,2,2,1
Lokomotive Leipzig - FSV Zwickau,1.46,3.88,5.9,0,2,0
BFC Dynamo - Hallescher FC,3.02,3.55,2.0,1,1,1
FC Astoria Walldorf - TSV Steinbach,2.29,3.9,2.38,2,2,1
Kickers Offenbach - FSV Mainz 05 II,2.34,3.62,2.44,3,1,0
Eintracht Trier - Stuttgarter Kickers,1.92,3.55,3.22,2,4,0
Fortuna Köln - Wuppertaler SV,1.33,4.6,6.85,3,0,0
Fortuna Düsseldorf II - Borussia M'gladbach II,2.88,3.6,2.1,1,3,0
Persib Bandung - Pusamania Borneo,1.94,3.46,3.93,3,1,0
Persepolis FC - Esteghlal FC,2.5,2.78,2.85,0,0,1
Foolad FC - Aluminium Arak,2.0,2.62,4.4,0,0,1
Sepahan FC - Fajr Sepasi,1.44,3.38,8.3,2,0,0
FC Jerusalem - Maccabi Yavne,2.05,3.5,2.9,2,0,0
Hapoel Ironi Karmiel - Maccabi Nujeidat Ahmed,1.4,4.1,6.25,2,0,0
Ironi Nesher - Tzeirei Umm al-Fahm,3.0,3.5,2.0,1,1,1
Tzeirey Tamra - Maccabi Neve Sha'anan,3.9,3.5,1.75,1,4,0
Hapoel Rishon LeZion - Maccabi Kabilio Jaffa,2.15,3.3,2.88,4,1,0
Hapoel Kfar Saba - Hapoel Hadera,1.91,3.3,3.5,1,0,0
Kiryat Yam SC - Bnei Yehuda,2.0,3.3,3.2,2,1,0
Hapoel Nazareth Illit - Hapoel Afula,1.85,3.25,3.7,1,1,1
Hapoel Ramat Gan - Kafr Qasim,2.34,3.3,2.62,2,3,0
Trento - Cittadella,2.64,2.86,2.86,1,0,0
Catania - Crotone,1.78,3.28,4.74,2,0,0
Sama Al Sarhan - Al Jazeera,2.96,3.28,2.13,3,1,0
Makedonija GjP - Vardar Skopje,6.5,4.2,1.36,1,2,0
Tikveš - Struga,3.4,3.4,1.91,0,1,0
Terengganu - Kuching FA,2.45,3.3,2.4,1,1,1
Almere City FC - Jong Ajax,1.44,4.6,6.0,3,2,0
Cambuur - Den Bosch,1.5,4.5,5.0,2,1,0
ADO Den Haag - Emmen,1.29,5.5,8.5,2,1,0
Helmond Sport - MVV,1.64,3.95,5.0,2,4,0
Roda - Jong AZ,1.7,3.9,4.5,2,3,0
Waalwijk - VVV Venlo,1.83,3.85,3.85,1,2,0
FC Eindhoven - Jong PSV U21,2.25,3.8,2.75,4,0,0
Excelsior - Groningen,3.1,3.4,2.1,0,2,0
Larne - Linfield,2.45,3.0,2.85,0,0,1
Lechia Gdansk - Gornik Zabrze,2.5,3.25,2.62,5,2,0
Tychy 71 - Polonia Warszawa,3.1,3.3,2.05,1,1,1
Farense U23 - Sporting CP U23,2.9,3.1,2.2,2,2,1
Benfica U23 - Portimonense U23,1.46,4.53,5.84,2,1,0
Benfica - Sporting CP,2.6,3.2,2.62,1,1,1
Penafiel - União de Leiria,2.9,3.0,2.25,1,0,0
Al Mesaimeer - Al Shamal,3.5,3.82,1.77,1,1,1
Oţelul - Unirea Slobozia,1.53,3.84,6.05,3,0,0
Concordia - Chindia Targoviste,2.15,3.0,3.25,0,1,0
Akhmat - FC Orenburg,1.76,3.89,4.59,1,0,0
Morton - Queen's Park,1.71,3.4,4.7,2,1,0
Koper - NK Domzale,1.42,4.3,6.6,2,1,0
Oviedo - Mallorca,2.62,2.8,2.54,0,0,1
Sevilla Atletico - Gimnastic,2.25,2.97,3.37,1,2,0
Amorebieta - Tudelano,2.23,2.94,3.38,0,0,1
Étoile Carouge - FC WIL 1900,2.45,3.1,2.6,0,0,1
FC Vaduz - Neuchatel Xamax FC,1.91,3.6,3.25,1,0,0
Ratchaburi - Sukhothai FC,1.42,4.1,6.05,1,0,0
Galatasaray - Samsunspor,1.44,4.33,6.5,3,2,0
Zorya Luhansk - Karpaty,2.45,3.1,2.8,1,0,0
Kokand-1912 - Xorazm,2.45,3.1,2.5,0,0,1
Mash'al - Buxoro,2.7,2.88,2.45,0,0,1
GAP Connah S Quay FC - Colwyn Bay,1.75,3.5,4.2,2,1,0
Bala Town - Haverfordwest County AFC,4.2,3.3,1.85,0,2,0
Cardiff MET - llanelli AFC,1.29,5.0,10.0,2,1,0
Caernarfon Town - Flint Town United,1.8,3.8,3.8,1,1,1
Oman - Morocco,6.86,4.34,1.31,0,0,1
Comoros - Saudi Arabia,7.05,4.15,1.32,1,3,0
Myanmar U22 - Philippines U22,2.2,3.1,2.54,0,2,0
CA Batna - USM Annaba,2.2,2.68,3.45,0,0,1
Béchar Djedid - GC Mascara,2.01,2.87,3.67,0,0,1
Inter Club d'Escaldes - Carroi,1.05,13.0,29.0,2,0,0
Deportivo Armenio - Argentino de Merlo,1.83,3.08,4.2,0,0,1
Acassuso - Real Pilar,3.4,2.7,2.25,0,0,1
FC Noah - BKMA,1.1,7.5,16.0,2,3,0
Auckland - Wellington Phoenix,1.47,3.8,5.42,3,1,0
Newcastle Jets - Melbourne City,3.09,3.43,1.94,0,1,0
Central Coast Mariners - Sydney,3.98,3.56,1.68,1,2,0
South Melbourne - Marconi Stallions,1.74,3.82,4.03,2,0,0
Austria Lustenau - FC Liefering,2.01,3.75,3.42,1,0,0
Sturm Graz II - SKU Amstetten,3.6,3.81,1.93,3,3,1
FC BW Linz - Red Bull Salzburg,4.1,3.85,1.86,0,2,0
Rapid Vienna - Ried,2.02,3.6,3.74,1,2,0
TSV Hartberg - Lask Linz,3.54,3.6,2.09,2,2,1
Austria Wien W - Sturm Graz W,1.36,4.2,7.0,2,0,0
Neulengbach W - St. Pölten W,23.0,11.0,1.07,0,4,0
Zira - Qarabag,3.8,3.0,1.95,1,1,1
K. Lierse S.K. - KRC Genk II,1.72,4.01,4.34,2,1,0
RSC Anderlecht II - RWDM,3.1,3.91,2.09,2,2,1
SK Beveren - Francs Borains,1.44,4.75,6.25,1,0,0
Club Brugge II - Beerschot VA,6.5,4.33,1.44,3,1,0
Ninove - Diegem Sport,2.29,3.42,2.61,4,3,0
Sporting Hasselt - Cercle Brugge II,1.21,5.05,11.25,0,1,0
Hoogstraten - Knokke,2.57,3.22,2.42,1,1,1
Houtvenne - Dessel Sport,2.72,3.46,2.19,3,2,0
Rochefort - Sporting Charleroi II,2.77,3.22,2.27,1,1,1
Excelsior Virton - Standard Liège II,1.35,4.5,6.65,5,1,0
Cercle Brugge - Standard Liege,1.95,3.3,3.8,1,2,0
Union St. Gilloise - Gent,1.4,4.6,7.0,1,1,1
St. Truiden - Club Brugge KV,3.8,3.7,1.8,3,2,0
Oriente Petrolero - Gualberto Villarroel SJ,1.43,4.2,4.78,0,2,0
Real Oruro - Blooming,1.65,3.9,4.2,10,1,0
FK Sarajevo - Zeljeznicar Sarajevo,1.7,3.25,4.75,3,3,1
Mirassol - Flamengo,1.27,4.78,8.3,3,3,1
Lokomotiv Sofia - Botev Plovdiv,2.1,2.95,2.8,3,2,0
Lokomotiv Plovdiv - Arda Kardzhali,2.37,2.71,2.63,0,2,0
Cherno More Varna - CSKA Sofia,3.28,2.78,1.98,2,0,0
FK Minyor Pernik - Pirin Blagoevgrad,2.32,3.15,2.74,0,0,1
Spartak Pleven - Vihren,3.64,3.12,1.93,2,3,0
Yantra 2019 - Chernomorets 1919 Burgas,1.67,3.3,5.0,0,0,1
U. Catolica - Union La Calera,1.41,4.2,7.6,2,1,0
Deportes Iquique - Universidad de Chile,4.85,4.05,1.6,2,3,0
Coquimbo Unido - Union Espanola,1.67,3.54,5.05,4,2,0
Deportes Limache - D. La Serena,2.27,3.14,3.12,1,0,0
O'Higgins - Everton de Vina,1.82,3.5,4.1,1,0,0
Sporting San Jose - Deportivo Saprissa,2.75,3.2,2.4,0,0,1
Puntarenas FC - Guadalupe FC,1.6,3.4,5.0,4,0,0
Dinamo Zagreb - HNK Hajduk Split,1.73,3.4,4.8,1,1,1
HNK Rijeka - Vukovar,1.25,5.0,11.0,3,1,0
Olympiakos - Omonia Nicosia,5.42,3.77,1.39,0,3,0
AEK Larnaca - Ethnikos Achna,1.28,4.56,6.18,2,1,0
Dukla Praha - Slovan Liberec,4.5,3.4,1.8,1,1,1
Mlada Boleslav - Zlin,2.0,3.5,3.5,3,1,0
Slovácko - Plzen,6.5,4.2,1.47,3,0,0
Sigma Olomouc - Sparta Praha,4.2,3.3,1.9,0,1,0
Deportivo Cuenca - Delfin SC,1.24,5.13,7.14,0,0,1
Independiente del Valle - Libertad,1.27,4.46,6.76,1,1,1
Orense SC - LDU de Quito,3.28,3.01,1.88,2,1,0
Petrojet - Pyramids FC,7.35,3.98,1.49,2,2,1
Charlton - Portsmouth,2.18,3.42,3.46,0,0,1
Watford - Norwich,1.86,3.7,3.95,3,2,0
Derby - Leicester,2.7,3.15,2.7,1,3,0
Swansea - Oxford United,2.1,3.39,3.73,2,0,0
Southampton - Birmingham,2.28,3.4,3.0,3,1,0
Ipswich - Coventry,2.32,3.45,2.94,3,0,0
Blackburn - Sheffield Wednesday,1.61,4.0,5.25,1,0,0
QPR - West Brom,2.4,3.1,3.1,3,1,0
Sheffield Utd - Stoke City,2.1,3.3,3.55,4,0,0
Preston - Wrexham,2.3,3.1,3.3,1,1,1
Bristol City - Millwall,2.12,3.3,3.5,0,1,0
Accrington ST - Mansfield Town,2.8,3.19,2.0,0,0,1
Chelmsford City - Weston-super-Mare,2.47,2.92,2.35,0,2,0
Cheltenham - Buxton,1.51,3.52,4.55,6,2,0
Exeter City - Wycombe,4.0,3.35,1.91,4,0,0
Fleetwood Town - Luton,3.9,4.0,1.75,0,0,1
Grimsby - Wealdstone,1.6,4.33,4.75,4,0,0
Milton Keynes Dons - Oldham,1.85,3.77,3.95,3,1,0
Peterborough - Barnsley,2.26,3.53,3.04,0,1,0
Port Vale - Bristol Rovers,1.58,4.32,5.01,1,0,0
Stockport County - Cambridge United,1.69,4.13,4.38,0,0,1
Swindon Town - Bolton,3.73,4.15,1.82,4,0,0
Wigan - Barrow,1.46,4.58,6.18,0,0,1
Sutton Utd - Shrewsbury,2.88,3.48,2.38,1,2,0
Chesterfield - Doncaster,2.96,3.55,2.22,1,2,0
Arsenal W - Liverpool W,1.09,7.4,16.25,2,1,0
Plymouth - Bradford,3.1,3.4,2.2,0,1,0
Cardiff - Huddersfield,2.08,3.5,3.3,3,2,0
Colchester - Gillingham,2.06,3.36,3.69,0,0,1
Morecambe - Boston United,2.25,3.4,2.75,0,3,0
Aldershot Town - Altrincham,2.45,3.3,2.5,2,1,0
FC Halifax Town - Braintree,1.91,3.3,3.6,4,0,0
Forest Green - Solihull Moors,1.44,4.0,5.5,1,1,1
Hartlepool - Yeovil Town,1.75,3.3,4.33,0,2,0
Rochdale - Southend,2.1,3.1,3.25,2,1,0
Scunthorpe - Tamworth,1.8,3.4,3.9,3,1,0
AFC Fylde - Merthyr Town,1.62,4.0,4.33,1,0,0
AFC Telford United - Southport,1.8,3.45,3.85,2,2,1
Curzon Ashton - Alfreton Town,2.05,3.4,3.2,2,1,0
Peterborough Sports - Hereford,3.55,3.55,1.85,0,2,0
King's Lynn Town - Chester,2.86,3.61,2.22,0,2,0
Marine - Spennymoor Town,2.7,3.0,2.45,0,2,0
Oxford City - Darlington 1883,2.6,3.5,2.2,5,1,0
Scarborough Athletic - Bedford Town,1.8,3.7,3.4,2,2,1
South Shields - Kidderminster Harriers,1.83,3.4,3.5,1,2,0
Worksop Town - Chorley,2.35,3.5,2.45,1,1,1
Dorking Wanderers - Eastbourne Borough,1.6,4.0,4.4,4,2,0
Chesham United - Dover,2.15,3.1,3.1,0,1,0
Chippenham Town - Horsham,3.2,3.2,2.1,1,3,0
Ebbsfleet United - Worthing,2.45,3.2,2.6,1,2,0
Farnborough - AFC Totton,2.38,3.3,2.6,4,2,0
Maidenhead - AFC Hornchurch,2.15,3.0,3.1,2,0,0
Maidstone Utd - Bath City,1.75,3.2,4.5,2,0,0
Salisbury - Hemel Hempstead Town,3.0,3.1,2.2,1,0,0
Torquay - Tonbridge Angels,1.55,3.75,5.4,1,2,0
Chatham Town - Burgess Hill Town,1.57,3.8,4.75,4,0,0
Wingate & Finchley - Carshalton Athletic,2.05,3.5,3.0,2,2,1
Chichester City - Cray Valley PM,2.4,3.5,2.38,0,3,0
Billericay Town - Dulwich Hamlet,1.73,3.75,3.7,1,2,0
Lewes - Dartford,3.4,3.6,1.83,1,0,0
Potters Bar Town - Cray Wanderers,2.84,3.8,2.01,0,2,0
Hashtag United - Canvey Island,1.79,3.68,3.54,4,0,0
Whitehawk - Welling United,1.92,3.55,3.22,1,2,0
Folkestone Invicta - Brentwood Town,1.47,4.4,4.9,1,0,0
Ramsgate - St Albans City,2.21,3.68,2.57,1,1,1
Cleethorpes Town - United of Manchester,2.3,3.1,2.8,2,1,0
Warrington Town - Gainsborough Trinity,3.0,3.25,2.15,0,3,0
Guiseley AFC - Leek Town,2.0,3.3,3.3,1,0,0
Lancaster City - Rushall Olympic,1.75,3.6,4.0,0,1,0
Hednesford Town - Rylands,1.91,3.3,3.5,1,1,1
Hyde United - Hebburn Town,2.45,3.5,2.45,1,3,0
Workington - Bamber Bridge,2.7,3.6,2.1,1,3,0
Morpeth Town - Prescot Cables,2.1,3.3,3.0,2,0,0
Stocksbridge Park Steels - Stockton Town,3.0,3.3,2.15,1,1,1
Halesowen Town - Kettering Town,1.9,3.5,3.32,1,1,1
Redditch United - Banbury United,2.42,3.38,2.48,2,0,0
Needham Market - Quorn,2.12,3.38,3.02,0,3,0
Stamford - Royston Town,2.4,3.15,2.73,2,0,0
Spalding United - Leiston,1.57,3.98,4.75,4,1,0
Bury Town - Barwell,2.33,3.21,2.78,4,0,0
Stourbridge - AFC Sudbury,1.89,3.44,3.57,2,3,0
Bromsgrove Sporting - Stratford Town,2.38,3.22,2.71,1,2,0
St Ives Town - Worcester City,3.02,3.29,2.16,2,1,0
Bracknell Town - Taunton Town,2.13,3.64,2.71,3,2,0
Uxbridge - Walton & Hersham,4.25,3.84,1.62,2,3,0
Havant & Wville - Poole Town,2.29,3.58,2.52,0,3,0
Chertsey Town - Weymouth,1.65,3.65,4.3,4,0,0
Gosport Borough - Evesham United,1.52,3.88,5.1,1,0,0
Dorchester Town - Hungerford Town,2.1,3.44,2.89,2,1,0
Wimborne Town - Sholing,1.99,3.48,3.1,1,1,1
Berkhamsted - Farnham Town,3.22,3.55,1.92,3,3,1
Aston Villa - Arsenal,4.3,3.58,1.94,2,1,0
Bournemouth - Chelsea,3.22,3.74,2.22,0,0,1
Everton - Nottingham Forest,2.16,3.2,3.5,3,0,0
Manchester City - Sunderland,1.26,6.0,9.8,3,0,0
Newcastle - Burnley,1.27,5.5,11.0,2,1,0
Tottenham - Brentford,2.32,3.35,3.0,2,0,0
Leeds - Liverpool,3.9,3.85,1.84,3,3,1
Paris FC W - Le Havre W,1.3,4.75,7.5,3,0,0
Nantes - Lens,5.0,3.95,1.66,1,2,0
Toulouse - Strasbourg,2.56,3.3,2.72,1,0,0
Paris Saint Germain - Rennes,1.28,5.7,10.0,5,0,0
Estac Troyes - Rodez,1.62,3.7,5.0,1,1,1
Montpellier - PAU,1.85,3.6,3.75,0,1,0
Dunkerque - Saint Etienne,2.4,3.3,2.8,1,0,0
Bordeaux - Dinan Léhon,1.26,4.6,9.8,2,0,0
Saint-Malo - Chauray,1.62,3.46,4.85,4,2,0
Grasse - Andrézieux,2.11,3.12,3.14,2,2,1
Nimes - Hyères,2.05,3.08,3.34,2,0,0
VfL Bochum - Arminia Bielefeld,2.2,3.5,3.1,1,0,0
FC Kaiserslautern - Dynamo Dresden,1.95,3.5,3.4,3,1,0
SC Paderborn 07 - SV Elversberg,2.3,3.4,2.8,1,2,0
SV Darmstadt 98 - Karlsruher SC,1.7,4.0,4.0,3,2,0
Energie Cottbus - MSV Duisburg,2.33,3.45,2.88,3,2,0
Hoffenheim II - SSV Jahn Regensburg,1.8,3.9,3.8,1,0,0
Havelse - Verl,5.0,4.33,1.57,2,2,1
VfL Osnabrück - SV Wehen,2.0,3.45,3.55,0,1,0
FC Viktoria Köln - SSV Ulm 1846,1.75,3.9,4.1,0,1,0
TSV 1860 München - FC Schweinfurt 05,1.48,4.2,6.25,3,1,0
FC Augsburg - Bayer Leverkusen,3.8,3.85,1.86,2,0,0
FC Köln - FC St. Pauli,1.94,3.55,3.8,1,1,1
FC Heidenheim - SC Freiburg,3.9,3.55,1.92,2,1,0
VfB Stuttgart - Bayern München,5.3,4.85,1.5,0,5,0
VfL Wolfsburg - Union Berlin,2.1,3.35,3.5,3,1,0
RB Leipzig - Eintracht Frankfurt,1.74,4.1,4.1,6,0,0
Carl Zeiss Jena W - Werder Bremen W,5.5,3.9,1.44,0,1,0
Bayer Leverkusen W - RB Leipzig W,1.6,3.7,4.5,3,2,0
TuS Koblenz - SC Idar-Oberstein,1.49,4.5,4.55,0,2,0
Arminia Ludwigshafen - Hertha Wiesbach,3.48,4.75,1.63,1,1,1
Weiche Flensburg - Hannover 96 II,2.45,3.7,2.3,1,4,0
VfB Lübeck - Eintracht Norderstedt,1.95,3.75,3.0,3,1,0
Kickers Emden - HSC Hannover,1.3,4.75,6.5,1,1,1
VfB Oldenburg - Hamburger SV II,1.4,4.33,6.0,0,0,1
Eilenburg - BFC Preussen,3.75,3.6,1.75,1,0,0
Hertha Zehlendorf - Altglienicke,3.75,3.6,1.75,1,3,0
Greifswalder FC - Chemnitzer FC,2.25,3.3,2.85,0,0,1
Luckenwalde - FC Rot-Weiß Erfurt,3.0,3.3,2.1,1,1,1
Schott Mainz - SGV Freiberg,4.75,4.33,1.48,0,1,0
Balingen - Barockstadt Fulda-Lehn.,3.4,3.75,1.8,1,2,0
Bahlinger SC - FC 08 Homburg,4.75,3.75,1.57,0,2,0
Hessen Kassel - SV Sandhausen,2.03,3.7,2.86,2,3,0
FSV Frankfurt - SG Sonnenhof Grossaspach,2.71,3.64,2.13,1,3,0
SV Rodinghausen - Sportfreunde Siegen,2.72,3.68,2.11,3,4,0
Köln II - FC Bocholt,2.23,3.74,2.52,3,2,0
Schalke 04 II - Wiedenbrück,1.41,4.5,5.5,5,0,0
FC Gutersloh - Rot-weiss Oberhausen,2.16,3.65,2.66,0,0,1
Borussia Dortmund II - Paderborn II,1.6,4.0,4.4,1,0,0
Olympiakos Piraeus - OFI,1.12,7.5,23.0,3,0,0
Volos NFC - Kifisia,2.15,3.0,3.5,1,1,1
Asteras Tripolis II - PAOK II,2.05,3.0,3.4,1,1,1
Kalamata - Olympiakos Piraeus II,1.1,6.5,21.0,3,1,0
PAS Giannina - Niki Volos,11.0,5.0,1.22,1,1,1
Kampaniakos Chalastra - Anagennisi Karditsas,12.0,4.6,1.25,0,3,0
Mictlán - Municipal,3.28,3.12,2.05,0,1,0
Warriors - Southern District,1.42,4.69,5.89,1,0,0
Diosgyori VTK - Nyiregyhaza,2.28,3.25,2.9,2,0,0
Debreceni VSC - Puskas Academy,2.88,3.3,2.28,0,1,0
Paks - MTK Budapest,1.65,4.0,4.3,3,1,0
PSM Makassar - Persebaya Surabaya,1.83,3.1,4.0,1,1,1
Tzeirey Tira - Kfar Saba 1928,4.75,4.0,1.53,3,0,0
Hapoel Beit Shean - Ironi Baka El Garbiya,3.25,3.5,1.91,2,1,0
Holon Yermiyahu - Hapoel Ramat HaSharon,1.36,4.33,6.5,1,0,0
Hapoel Tirat HaCarmel - Tira,4.75,3.75,1.55,2,0,0
Hapoel Tel Aviv - Hapoel Petah Tikva,1.9,3.6,3.5,4,0,0
Maccabi Bnei Raina - Bnei Sakhnin,2.63,3.1,2.45,0,1,0
Ironi Kiryat Shmona - Maccabi Haifa,4.0,3.6,1.73,0,1,0
Juventus U20 - Torino U20,1.8,3.8,3.4,1,1,1
Genoa U20 - Atalanta U20,3.0,3.4,2.1,2,2,1
Pescara U19 - Avellino U19,1.93,3.64,3.12,2,0,0
Ternana U19 - Ascoli U19,2.34,3.46,2.52,3,0,0
Sampdoria U19 - Lecco U19,1.82,3.78,3.35,2,3,0
Sassuolo - Fiorentina,3.02,3.26,2.49,3,1,0
Inter - Como,1.55,4.4,6.4,4,0,0
Verona - Atalanta,5.45,3.95,1.66,3,1,0
Napoli W - AC Milan W,3.1,3.1,2.05,0,2,0
Roma W - Juventus W,2.4,3.1,2.62,1,1,1
PRO Vercelli - Renate,2.24,2.96,3.41,1,1,1
Pianese - Gubbio,3.23,2.85,2.4,1,0,0
Livorno - Arezzo,4.87,3.31,1.75,2,1,0
Bra - Campobasso FC,3.37,3.1,2.18,2,0,0
Sorrento - Potenza,2.74,3.24,2.47,2,2,1
Siracusa - Foggia,1.72,3.5,4.71,2,2,1
Casarano - Latina,1.94,3.22,3.94,1,1,1
Giugliano - Team Altamura,1.91,3.29,3.98,0,1,0
Kashima - Yokohama F. Marinos,1.53,4.1,5.8,2,1,0
Urawa - Kawasaki Frontale,2.65,3.55,2.4,4,0,0
Kashiwa Reysol - Machida Zelvia,1.91,3.3,4.1,1,0,0
FC Tokyo - Albirex Niigata,1.83,3.4,4.33,1,1,1
Shimizu S-pulse - Fagiano Okayama,2.3,3.25,3.1,1,2,0
Nagoya Grampus - Avispa Fukuoka,2.35,3.2,3.1,1,0,0
Kyoto Sanga - Vissel Kobe,3.65,3.55,1.95,2,0,0
Gamba Osaka - Tokyo Verdy,1.83,3.65,4.1,4,1,0
Cerezo Osaka - Yokohama FC,1.95,3.5,3.75,1,3,0
Sanfrecce Hiroshima - Shonan Bellmare,1.28,5.25,9.6,2,1,0
Shabana - Bidco United,2.01,2.8,3.88,1,0,0
Kariobangi Sharks - Police,4.55,3.02,1.78,0,1,0
Dukagjini - Drita,2.52,3.15,2.51,1,1,1
Ballkani - Prishtina e Re,1.34,4.33,7.4,6,1,0
Progres Niederkorn - AS Jeunesse Esch,1.53,3.75,5.5,0,2,0
Bashkimi Kumanovo - Shkendija,3.75,3.75,1.73,1,3,0
Bokelj - Dečić,2.75,3.0,2.45,1,1,1
Arsenal Tivat - Mladost DG,2.66,2.81,2.83,0,0,1
Jezero - Mornar,2.63,3.0,2.45,2,1,0
Petrovac - Buducnost Podgorica,3.0,3.1,2.2,2,1,0
Sutjeska - Jedinstvo,1.62,3.6,5.2,2,0,0
Harkemase Boys - Hercules,1.8,3.8,3.4,4,2,0
Hoogeveen - Huizen,2.35,3.75,2.38,3,2,0
Willem II - Dordrecht,1.8,3.9,3.8,2,0,0
Heerenveen - PSV Eindhoven,4.33,4.75,1.62,0,2,0
Fortuna Sittard - Ajax,4.0,3.85,1.82,1,3,0
Heracles - Telstar,2.26,3.55,2.96,1,1,1
Feyenoord - PEC Zwolle,1.17,7.3,14.0,6,1,0
Katwijk - Spakenburg,2.3,4.0,2.3,2,2,1
Barendrecht - RKAV Volendam,2.14,3.64,2.7,2,1,0
Koninklijke HFC - ACV,2.15,3.25,2.9,1,1,1
Rijnsburgse Boys - Hoek,2.25,4.0,2.4,1,0,0
Ijsselmeervogels - Quick Boys,5.25,4.2,1.46,0,3,0
Kozakken Boys - HHC,3.2,3.6,1.91,1,0,0
AFC Amsterdam - GVVV Veenendaal,2.25,3.75,2.5,0,2,0
Almere City II - Excelsior Maassluis,1.55,4.25,4.3,1,1,1
De Treffers - Sparta Rotterdam II,1.7,3.8,3.8,2,1,0
Auckland City - Coastal Spirit,1.3,4.47,5.42,3,0,0
Ards - Loughgall,3.0,3.5,2.05,1,1,1
Ballinamallard United - Institute,2.38,3.5,2.55,2,2,1
Dundela - Armagh City,1.6,3.9,4.6,1,3,0
H&W Welders - Annagh United,1.91,3.5,3.4,0,0,1
Ballymena United - Dungannon Swifts,2.58,3.44,2.66,1,2,0
Coleraine FC - Carrick Rangers,1.28,5.63,9.5,3,1,0
Crusaders FC - Portadown,2.1,3.64,3.27,0,4,0
Lillestrom - Sarpsborg 08 FF,2.17,3.04,2.94,3,1,0
Arka Gdynia - Motor Lublin,2.84,3.2,2.54,1,0,0
Pogon Szczecin - Radomiak Radom,1.98,3.7,3.5,2,2,1
Zaglebie Lubin - Widzew Łódź,2.42,3.2,2.98,2,1,0
Piast Gliwice - Legia Warszawa,3.45,3.3,2.15,2,0,0
Pogoń Grod. Mazowiecki - Puszcza Niepołomice,1.88,3.45,3.7,1,1,1
Miedz Legnica - Odra Opole,1.71,3.65,4.35,2,1,0
Pogoń Siedlce - Wieczysta Kraków,3.55,3.6,1.88,0,2,0
Victoria Września - Lech Poznań II,4.2,3.72,1.65,0,0,1
Sporting CP U19 - Alverca U19,1.69,3.52,4.25,1,2,0
Guimaraes B - São João Ver,1.75,3.4,4.0,2,0,0
Sanjoanense - Amarante,2.4,3.0,2.8,0,2,0
Amora - 1º Dezembro,2.25,3.1,3.1,1,1,1
Academica - Mafra,1.85,3.4,3.7,3,3,1
Santa Clara - Casa Pia,1.85,3.1,5.0,1,0,0
AVS - Rio Ave,3.2,3.21,2.42,1,2,0
Famalicao - SC Braga,3.39,3.52,2.12,1,2,0
Felgueiras 1932 - Sporting CP B,2.3,3.1,2.8,0,2,0
Maritimo - Torreense,2.0,3.1,3.5,2,0,0
Benfica B - Oliveirense,1.65,3.4,4.75,2,0,0
Leixoes - FC Porto B,2.15,3.1,3.0,2,4,0
Qatar SC - UMM Salal,3.46,4.02,1.78,6,1,0
Muaither SC - Al-Rayyan SC,5.96,4.69,1.39,1,3,0
Lusail City - Al Shahaniya,2.05,3.72,2.92,1,1,1
Csikszereda - Arges Pitesti,3.65,3.14,2.17,0,2,0
FCSB - Dinamo Bucuresti,2.39,3.3,3.01,0,0,1
CS Afumati - Viitorul Şelimbăr,1.9,3.3,3.6,1,0,0
Slatina - CSM Satu Mare,1.25,4.75,11.0,3,1,0
CSM Reşiţa - Bihor Oradea,2.3,3.1,2.8,2,3,0
FC Rostov - Rubin,2.03,2.9,3.43,2,0,0
Spartak Moscow - Dynamo,2.08,3.11,3.04,1,1,1
Zenit - Akron,1.24,6.4,14.0,2,0,0
Tre Fiori - Murata,1.2,5.25,11.0,4,0,0
Virtus - Tre Penne,2.05,3.2,3.1,2,1,0
Ayr Utd - Partick,2.5,3.0,2.8,0,0,1
Dunfermline - Arbroath,2.0,3.1,3.8,1,2,0
Ross County - Airdrie United,1.67,3.7,4.8,1,2,0
ST Johnstone - Raith Rovers,1.62,3.6,5.0,0,0,1
Caledonian Braves - Clydebank,3.4,4.33,1.67,4,1,0
Alloa Athletic - Peterhead,1.8,3.75,3.8,4,0,0
Kelty Hearts - Montrose,3.0,3.2,2.3,0,3,0
Queen of the South - Cove Rangers,2.13,3.63,3.0,1,1,1
Stenhousemuir - Hamilton Academical,2.5,3.3,2.62,0,0,1
Annan Athletic - Spartans,3.3,3.5,2.0,1,1,1
Edinburgh City - Dumbarton,1.67,3.9,4.4,4,3,0
Elgin City - Clyde,2.2,3.4,2.9,1,1,1
Forfar Athletic - East Kilbride,3.3,3.3,2.05,0,3,0
Stranraer - Stirling Albion,1.73,3.5,4.5,3,2,0
Dundee - Aberdeen,3.3,3.2,2.15,1,3,0
Hibernian - Falkirk,1.57,4.0,5.0,3,0,0
Motherwell - Livingston,1.73,3.5,4.8,3,0,0
ST Mirren - Dundee Utd,2.15,3.3,3.25,2,0,0
Kilmarnock - Rangers,5.0,3.8,1.62,0,3,0
Loznica - OFK Vršac,2.05,3.0,3.3,2,0,0
Javor - OFK Beograd,2.63,3.25,2.63,0,1,0
Tanjong Pagar - Geylang International,5.0,4.0,1.5,1,4,0
Zemplín Michalovce - Podbrezová,2.2,3.4,2.75,0,4,0
Skalica - Komárno,2.3,3.1,2.88,1,1,1
Žilina - Ružomberok,1.44,4.33,5.0,1,2,0
FK Košice - Slovan Bratislava,4.4,4.0,1.6,2,0,0
Maribor - Aluminij,1.25,5.0,8.0,2,3,0
Radomlje - Mura,2.38,3.1,2.7,3,1,0
Casric Stars - Leicesterfield,1.52,3.64,6.1,4,0,0
Cape Town City - Highbury,1.85,2.88,4.2,1,0,0
Orlando Pirates - Marumo Gallants,1.53,3.84,5.86,1,0,0
Gwangju FC - Jeonbuk Motors,3.04,2.94,2.16,1,2,0
Villarreal - Getafe,1.6,3.94,6.36,2,0,0
Alaves - Real Sociedad,2.8,3.05,2.88,1,0,0
Real Betis - Barcelona,4.05,4.42,1.78,3,5,0
Athletic Club - Atletico Madrid,3.29,3.28,2.36,1,0,0
Atletico Madrid W - Sevilla W,1.17,6.0,13.0,2,2,1
Deportivo de La Coruña W - Granada,2.6,3.1,2.5,2,0,0
Barcelona W - Granad. Tenerife W,1.02,19.0,41.0,2,0,0
Real Madrid W - Real Sociedad W,1.55,3.9,4.5,1,0,0
Celta de Vigo II - Pontevedra,2.09,2.98,3.38,1,2,0
Cacereño - Racing Ferrol,3.22,2.88,2.21,0,1,0
Hércules - Juventud Torremolinos,1.7,3.18,4.8,2,1,0
Marbella - Sanluqueño,2.07,2.9,3.54,1,0,0
Alcorcon - Eldense,2.51,2.62,3.02,1,1,1
FC Andorra - Almeria,3.0,3.5,2.25,1,2,0
Huesca - Valladolid,3.06,2.85,2.78,1,4,0
Real Sociedad II - Sporting Gijon,3.31,3.13,2.4,0,1,0
Real Oviedo II - Lealtad,1.44,3.65,6.95,1,2,0
Atlético Astorga - Sámano,1.81,3.05,4.35,3,0,0
Náxara - Ejea,2.58,2.85,2.89,1,1,1
Basconia - Eibar II,2.89,2.91,2.38,1,1,1
SD Logroñés - Ebro,1.81,3.13,4.68,2,1,0
Castellón II - Barbastro,2.2,3.3,2.88,1,3,0
Poblense - Atlètic Lleida,1.67,3.5,4.6,3,0,0
Alcoyano - Barcelona B,3.1,3.0,2.2,3,2,0
Ucam Murcia - Xerez,2.13,2.8,3.88,2,0,0
Yeclano - Real Jaén,2.1,2.75,3.8,2,0,0
Colonia Moscardó - Rayo Majadahonda,4.2,3.3,1.75,0,0,1
Real Madrid III - Socuéllamos,1.75,3.13,5.18,1,1,1
Conquense - Orihuela,2.3,2.88,2.9,0,0,1
Bellinzona - Stade Nyonnais,1.95,3.3,3.45,2,0,0
Stade Lausanne-Ouchy - Rapperswil,1.44,4.2,6.0,0,2,0
Grasshoppers - Servette FC,3.1,3.3,2.15,0,1,0
FC Thun - FC Luzern,2.2,3.5,2.88,4,1,0
FC ST. Gallen - FC Zurich,2.05,3.4,3.2,1,2,0
Lamphun Warrior - Rayong FC,1.91,3.45,3.45,2,2,1
Buriram United - Kanchanaburi,1.14,8.14,12.39,3,1,0
Muangthong United - Chonburi FC,1.85,3.4,3.75,2,3,0
Prachuap - Ayutthaya FC,1.77,3.65,3.85,4,4,1
Sisaket United - Pattani,3.0,3.3,2.05,2,0,0
Nakhon Pathom - Mahasarakham United,2.62,3.2,2.35,0,1,0
Khon Kaen United - Nong Bua Pitchaya,1.65,4.2,3.9,1,2,0
Police Tero - Chainat,1.95,3.25,3.3,1,0,0
Serik Belediyespor - Keçiörengücü,3.25,3.3,2.1,1,3,0
Ümraniyespor - Amed,5.8,4.2,1.44,3,4,0
Erokspor - Sakaryaspor,1.67,3.8,4.6,4,1,0
Ankaraspor - Altınordu,1.17,5.25,14.0,1,1,1
Kepez Belediyespor - Elazığspor,8.5,4.75,1.29,0,6,0
Ankara Demirspor - 68 Aksaray Belediyespor,2.2,3.0,2.9,2,2,1
İnegölspor - Adana 1954 FK,1.53,3.6,5.5,0,0,1
Somaspor - Menemen Belediyespor,4.6,3.8,1.62,1,4,0
İçel İdmanyurdu Spor - Arnavutköy Belediyespor,3.1,3.1,2.15,4,3,0
Buca FK - Ankaragücü,5.84,4.18,1.45,0,1,0
Şanlıurfaspor - Karaman Belediyespor,1.33,4.33,7.0,2,0,0
Fatsa Belediyespor - Zonguldak Kömürspor,2.63,2.88,2.63,3,1,0
Viven Bornova - Tire 2021 FK,4.6,3.5,1.67,1,6,0
Eyüpspor - Kayserispor,1.99,3.5,3.7,1,1,1
Konyaspor - Rizespor,2.34,3.3,3.0,1,1,1
Başakşehir - Fenerbahçe,5.1,4.0,1.62,1,1,1
LNZ Cherkasy - Obolon'-Brovar,1.49,3.4,9.08,3,0,0
Kolos Kovalivka - Shakhtar Donetsk,6.05,4.06,1.5,0,0,1
Kudrivka - Dynamo Kyiv,8.93,5.67,1.27,1,2,0
Al Fujairah SC - Dibba Al Hisn,4.2,3.6,1.7,3,2,0
Inter Miami - Vancouver Whitecaps,1.75,3.8,3.8,3,1,0
Lexington W - Spokane Zephyr W,1.65,3.3,4.6,1,1,1
Flint Mountain - Caersws,2.27,3.73,2.4,3,0,0
Kuwait - Jordan,4.33,3.51,1.84,1,3,0
Bahrain - Algeria,5.52,3.73,1.63,1,5,0
Sudan - Iraq,4.2,3.1,1.8,0,2,0
United Arab Emirates - Egypt,2.78,2.95,2.22,1,1,1
Malaysia U22 - Laos U22,1.2,5.8,11.0,4,1,0
Mufulira Wanderers - Green Eagles,2.66,2.59,2.85,1,0,0
